unit_id	stage	files	function_count	owner_check_command	status
S2-U1	S2	AGENTS.md	0	grep -q 'Minimal native surface' AGENTS.md	done
S2-U2	S2	tools/nelisp-native-inventory.el	0	make native-inventory	done
S2-U3	S2	tools/nelisp-native-inventory.txt	0	make native-inventory	done
S2-U4	S2	Makefile	0	make native-inventory && make core-purity	done
S2-U5	S2	tools/core-purity.sh	0	make core-purity	done
S2-U6	S2	tools/ai/preflight.sh	0	bash tools/ai/preflight.sh --list | grep -E 'native-inventory|core-purity'	done
S2-U7	S2	tools/ai/doc211-units.tsv	0	bash tools/ai/doc211-units-check.sh S2	done
S2-U8	S2	tools/ai/doc211-units-check.sh	0	bash tools/ai/doc211-units-check.sh S2	done
S2-U9	S2	tools/ai/doc211-progress.org	0	/home/madblack-21/Cowork/Notes/bin/progress-meter.sh --ledger tools/ai/doc211-progress.org --only S2.7	done
