%	other
*	other
+	other
-	other
/	other
/=	other
1+	other
1-	other
<	other
<=	other
=	other
>	other
>=	other
Snarf-documentation	other
abort-minibuffers	buffer
abort-recursive-edit	buffer
abs	other
accept-process-output	process
access-file	files
accessible-keymaps	buffer
acos	other
active-minibuffer-window	buffer
add-face-text-property	display
add-name-to-file	files
add-text-properties	buffer
add-variable-watcher	other
all-completions	buffer
all-threads	process
append	other
apply	other
aref	other
arrayp	other
aset	other
ash	other
asin	other
assoc	other
assoc-string	buffer
assq	other
atan	other
atom	other
autoload	files
autoload-do-load	files
backtrace--frames-from-thread	display
backtrace--locals	other
backtrace-debug	other
backtrace-eval	other
backtrace-frame--internal	other
backward-char	buffer
backward-prefix-chars	chars
bare-symbol	other
bare-symbol-p	other
barf-if-buffer-read-only	buffer
base64-decode-region	buffer
base64-decode-string	chars
base64-encode-region	buffer
base64-encode-string	chars
base64url-encode-region	buffer
base64url-encode-string	chars
beginning-of-line	buffer
bidi-find-overridden-directionality	files
bidi-resolved-levels	other
bitmap-spec-p	display
bobp	buffer
bolp	buffer
bool-vector	other
bool-vector-count-consecutive	other
bool-vector-count-population	other
bool-vector-exclusive-or	other
bool-vector-intersection	other
bool-vector-not	other
bool-vector-p	other
bool-vector-set-difference	other
bool-vector-subsetp	other
bool-vector-union	other
boundp	other
buffer-base-buffer	buffer
buffer-chars-modified-tick	buffer
buffer-enable-undo	buffer
buffer-file-name	buffer
buffer-hash	buffer
buffer-last-name	buffer
buffer-line-statistics	buffer
buffer-list	buffer
buffer-live-p	buffer
buffer-local-toplevel-value	buffer
buffer-local-value	buffer
buffer-local-variables	buffer
buffer-modified-p	buffer
buffer-modified-tick	buffer
buffer-name	buffer
buffer-size	buffer
buffer-string	buffer
buffer-substring	buffer
buffer-substring-no-properties	buffer
buffer-swap-text	buffer
buffer-text-pixel-size	display
bufferp	buffer
bury-buffer-internal	buffer
byte-code	other
byte-code-function-p	other
byte-to-position	other
byte-to-string	chars
byteorder	other
call-interactively	buffer
call-last-kbd-macro	other
call-process	process
call-process-region	process
cancel-kbd-macro-events	other
capitalize	buffer
capitalize-region	buffer
capitalize-word	buffer
car	other
car-less-than-car	other
car-safe	other
case-table-p	buffer
category-docstring	buffer
category-set-mnemonics	buffer
category-table	buffer
category-table-p	buffer
ccl-execute	chars
ccl-execute-on-string	chars
ccl-program-p	chars
cdr	other
cdr-safe	other
ceiling	other
char-after	buffer
char-before	buffer
char-category-set	buffer
char-charset	chars
char-equal	chars
char-or-string-p	chars
char-resolve-modifiers	chars
char-syntax	buffer
char-table-extra-slot	chars
char-table-p	other
char-table-parent	chars
char-table-range	chars
char-table-subtype	chars
char-to-string	chars
char-width	chars
characterp	chars
charset-after	chars
charset-id-internal	chars
charset-plist	chars
charset-priority-list	chars
charsetp	chars
check-coding-system	chars
check-coding-systems-region	buffer
cl-type-of	other
clear-buffer-auto-save-failure	buffer
clear-charset-maps	chars
clear-composition-cache	other
clear-face-cache	display
clear-font-cache	display
clear-image-cache	display
clear-string	chars
clear-this-command-keys	buffer
close-font	display
closurep	other
clrhash	other
coding-system-aliases	chars
coding-system-base	chars
coding-system-eol-type	chars
coding-system-p	chars
coding-system-plist	chars
coding-system-priority-list	chars
coding-system-put	chars
color-distance	other
color-gray-p	other
color-supported-p	other
color-values-from-color-spec	other
combine-after-change-execute	buffer
combine-windows	display
command-error-default-function	buffer
command-modes	buffer
command-remapping	buffer
commandp	buffer
comp--compile-ctxt-to-file0	files
comp--init-ctxt	files
comp--install-trampoline	files
comp--late-register-subr	files
comp--register-lambda	files
comp--register-subr	files
comp--release-ctxt	files
comp--subr-signature	files
comp-el-to-eln-filename	files
comp-el-to-eln-rel-filename	files
comp-libgccjit-version	files
comp-native-compiler-options-effective-p	files
comp-native-driver-options-effective-p	files
compare-buffer-substrings	buffer
compare-strings	chars
completing-read	buffer
completion--flex-cost-gotoh	buffer
compose-region-internal	buffer
compose-string-internal	chars
composition-get-gstring	chars
composition-sort-rules	other
compute-motion	other
concat	other
condition-mutex	process
condition-name	other
condition-notify	process
condition-variable-p	process
condition-wait	other
cons	other
consp	other
constrain-to-field	other
continue-process	process
controlling-tty-p	display
coordinates-in-window-p	display
copy-alist	other
copy-category-table	buffer
copy-file	files
copy-hash-table	other
copy-keymap	buffer
copy-marker	buffer
copy-sequence	other
copy-syntax-table	buffer
copysign	other
cos	other
current-active-maps	buffer
current-bidi-paragraph-direction	files
current-buffer	buffer
current-case-table	buffer
current-column	buffer
current-cpu-time	other
current-global-map	buffer
current-idle-time	buffer
current-indentation	buffer
current-input-mode	buffer
current-local-map	buffer
current-message	display
current-minor-mode-maps	other
current-thread	process
current-time	other
current-time-string	other
current-time-zone	other
current-window-configuration	display
daemon-initialized	other
daemonp	other
dbus--fd-close	process
dbus--fd-open	process
dbus--init-bus	process
dbus--registered-fds	process
dbus-get-unique-name	process
dbus-message-internal	process
debugger-trap	other
declare-equiv-charset	chars
decode-big5-char	chars
decode-char	chars
decode-coding-region	chars
decode-coding-string	chars
decode-sjis-char	chars
decode-time	other
defalias	other
default-boundp	other
default-file-modes	files
default-toplevel-value	other
default-value	other
defconst-1	other
define-category	buffer
define-charset-alias	chars
define-charset-internal	chars
define-coding-system-alias	chars
define-coding-system-internal	chars
define-fringe-bitmap	display
define-hash-table-test	other
define-key	buffer
defining-kbd-macro	buffer
defvar-1	other
defvaralias	other
delete	other
delete-all-overlays	display
delete-and-extract-region	buffer
delete-char	buffer
delete-directory-internal	buffer
delete-field	buffer
delete-file-internal	buffer
delete-frame	display
delete-other-windows-internal	display
delete-overlay	buffer
delete-process	process
delete-region	buffer
delete-terminal	display
delete-window-internal	display
delq	other
describe-buffer-bindings	buffer
describe-vector	other
destroy-fringe-bitmap	display
detect-coding-region	buffer
detect-coding-string	chars
ding	display
directory-file-name	files
directory-files	files
directory-files-and-attributes	files
directory-name-p	files
discard-input	buffer
display--line-is-continued-p	display
display--update-for-mouse-movement	display
display-supports-face-attributes-p	display
do-auto-save	other
documentation	other
documentation-property	other
documentation-stringp	other
downcase	buffer
downcase-region	buffer
downcase-word	buffer
dump-emacs-portable	files
dump-emacs-portable--sort-predicate	files
dump-emacs-portable--sort-predicate-copied	files
elt	other
emacs-pid	process
encode-big5-char	chars
encode-char	chars
encode-coding-region	chars
encode-coding-string	chars
encode-sjis-char	chars
encode-time	other
end-kbd-macro	other
end-of-line	buffer
eobp	buffer
eolp	buffer
eq	other
eql	other
equal	other
equal-including-properties	other
erase-buffer	buffer
error-message-string	other
eval	other
eval-buffer	buffer
eval-region	buffer
event-convert-list	buffer
execute-kbd-macro	other
exit-recursive-edit	buffer
exp	other
expand-file-name	files
expt	other
external-debugging-output	other
face-attribute-relative-p	display
face-attributes-as-vector	display
face-font	display
fboundp	other
fceiling	other
featurep	files
ffloor	other
field-beginning	buffer
field-end	buffer
field-string	chars
field-string-no-properties	chars
file-accessible-directory-p	files
file-acl	files
file-attributes	files
file-attributes-lessp	files
file-directory-p	files
file-executable-p	files
file-exists-p	files
file-locked-p	files
file-modes	files
file-name-absolute-p	files
file-name-all-completions	buffer
file-name-as-directory	files
file-name-case-insensitive-p	files
file-name-completion	buffer
file-name-concat	files
file-name-directory	files
file-name-nondirectory	files
file-newer-than-file-p	files
file-readable-p	files
file-regular-p	files
file-selinux-context	files
file-symlink-p	files
file-system-info	files
file-writable-p	files
fillarray	other
find-buffer	buffer
find-charset-region	buffer
find-charset-string	chars
find-coding-systems-region-internal	buffer
find-composition-internal	other
find-file-name-handler	files
find-font	display
find-operation-coding-system	chars
float	other
float-time	other
floatp	other
floor	other
flush-standard-output	other
fmakunbound	other
following-char	buffer
font-at	display
font-face-attributes	display
font-family-list	display
font-get	display
font-get-glyphs	display
font-get-system-font	display
font-get-system-normal-font	display
font-has-char-p	display
font-info	display
font-match-p	display
font-put	display
font-shape-gstring	display
font-spec	display
font-variation-glyphs	display
font-xlfd-name	display
fontp	display
fontset-font	display
fontset-info	display
fontset-list	display
force-mode-line-update	buffer
force-window-update	display
format	other
format-message	chars
format-mode-line	other
format-network-address	process
format-time-string	other
forward-char	buffer
forward-comment	buffer
forward-line	buffer
forward-word	buffer
frame--face-hash-table	display
frame--set-was-invisible	display
frame--z-order-lessp	display
frame-after-make-frame	display
frame-ancestor-p	display
frame-bottom-divider-width	display
frame-char-height	display
frame-char-width	display
frame-child-frame-border-width	display
frame-first-window	display
frame-focus	display
frame-font-cache	display
frame-fringe-width	display
frame-id	display
frame-initial-p	display
frame-internal-border-width	display
frame-list	display
frame-live-p	display
frame-native-height	display
frame-native-width	display
frame-old-selected-window	display
frame-or-buffer-changed-p	display
frame-parameter	display
frame-parameters	display
frame-parent	display
frame-pointer-visible-p	display
frame-position	display
frame-right-divider-width	display
frame-root-frame	display
frame-root-window	display
frame-scale-factor	display
frame-scroll-bar-height	display
frame-scroll-bar-width	display
frame-selected-window	display
frame-terminal	display
frame-text-cols	display
frame-text-height	display
frame-text-lines	display
frame-text-width	display
frame-total-cols	display
frame-total-lines	display
frame-visible-p	display
frame-window-state-change	display
framep	display
frexp	other
fringe-bitmaps-at-pos	display
fround	other
fset	other
ftruncate	other
func-arity	other
funcall	other
funcall-interactively	buffer
funcall-with-delayed-message	other
function-equal	other
functionp	other
gap-position	other
gap-size	other
garbage-collect	other
garbage-collect-heapsize	other
garbage-collect-maybe	other
generate-new-buffer-name	buffer
get	other
get-buffer	buffer
get-buffer-create	buffer
get-buffer-process	process
get-buffer-window	display
get-byte	other
get-char-property	buffer
get-char-property-and-overlay	display
get-display-property	display
get-file-buffer	buffer
get-internal-run-time	other
get-load-suffixes	files
get-pos-property	other
get-process	process
get-text-property	buffer
get-truename-buffer	buffer
get-unicode-property-internal	other
get-unused-category	buffer
get-unused-iso-final-char	chars
get-variable-watchers	other
getenv-internal	process
gethash	other
gnutls-asynchronous-parameters	process
gnutls-available-p	process
gnutls-boot	process
gnutls-bye	process
gnutls-ciphers	process
gnutls-deinit	process
gnutls-digests	process
gnutls-error-fatalp	process
gnutls-error-string	process
gnutls-errorp	process
gnutls-format-certificate	process
gnutls-get-initstage	process
gnutls-hash-digest	process
gnutls-hash-mac	process
gnutls-macs	process
gnutls-peer-status	process
gnutls-peer-status-warning-describe	process
gnutls-symmetric-decrypt	process
gnutls-symmetric-encrypt	process
goto-char	buffer
group-gid	other
group-name	other
group-real-gid	other
handle-switch-frame	display
handler-bind-1	other
hash-table-count	other
hash-table-p	other
hash-table-rehash-size	other
hash-table-rehash-threshold	other
hash-table-size	other
hash-table-test	other
hash-table-weakness	other
help--describe-vector	other
iconify-frame	display
identity	other
image-cache-size	display
image-flush	display
image-mask-p	display
image-metadata	display
image-size	display
image-transforms-p	display
imagep	display
indent-to	buffer
indirect-function	other
indirect-variable	files
init-image-library	display
innermost-minibuffer-p	buffer
inotify-add-watch	process
inotify-rm-watch	process
inotify-valid-p	process
input-pending-p	buffer
insert	buffer
insert-and-inherit	buffer
insert-before-markers	buffer
insert-before-markers-and-inherit	buffer
insert-buffer-substring	buffer
insert-byte	buffer
insert-char	buffer
insert-file-contents	files
insert-special-event	buffer
integer-or-marker-p	buffer
integerp	other
interactive-form	buffer
intern	other
intern-soft	other
internal--define-uninitialized-variable	other
internal--hash-table-buckets	other
internal--hash-table-histogram	other
internal--hash-table-index-size	other
internal--labeled-narrow-to-region	buffer
internal--labeled-widen	buffer
internal--obarray-buckets	other
internal--set-buffer-modified-tick	buffer
internal--track-mouse	display
internal-char-font	display
internal-complete-buffer	buffer
internal-copy-lisp-face	display
internal-default-interrupt-process	process
internal-default-process-filter	process
internal-default-process-sentinel	process
internal-default-signal-process	process
internal-delete-indirect-variable	buffer
internal-describe-syntax-value	buffer
internal-event-symbol-parse-modifiers	buffer
internal-face-x-get-resource	display
internal-get-lisp-face-attribute	display
internal-handle-focus-in	other
internal-lisp-face-attribute-values	display
internal-lisp-face-empty-p	display
internal-lisp-face-equal-p	display
internal-lisp-face-p	display
internal-make-lisp-face	display
internal-make-var-non-special	other
internal-merge-in-global-face	display
internal-set-alternative-font-family-alist	display
internal-set-alternative-font-registry-alist	display
internal-set-font-selection-order	display
internal-set-lisp-face-attribute	display
internal-set-lisp-face-attribute-from-resource	display
internal-show-cursor	display
internal-show-cursor-p	display
internal-stack-stats	other
internal-subr-documentation	other
interpreted-function-p	other
interrupt-process	process
invisible-p	display
invocation-directory	other
invocation-name	other
isnan	other
iso-charset	chars
json-insert	other
json-parse-buffer	other
json-parse-string	other
json-serialize	other
key-binding	buffer
key-description	buffer
keyboard-coding-system	chars
keymap--get-keyelt	buffer
keymap-parent	buffer
keymap-prompt	buffer
keymapp	buffer
keywordp	other
kill-all-local-variables	buffer
kill-buffer	buffer
kill-emacs	other
kill-local-variable	buffer
kill-process	process
last-nonminibuffer-frame	display
ldexp	other
length	other
length<	other
length=	other
length>	other
libxml-available-p	process
line-beginning-position	buffer
line-end-position	buffer
line-number-at-pos	buffer
line-number-display-width	buffer
line-pixel-height	display
list	other
list-fonts	display
list-system-processes	process
listp	other
load	files
load-average	files
local-variable-if-set-p	buffer
local-variable-p	buffer
locale-info	other
locate-file-internal	files
lock-buffer	buffer
lock-file	files
log	other
logand	other
logb	other
logcount	other
logior	other
lognot	other
logxor	other
long-line-optimizations-p	other
looking-at	buffer
lookup-image-map	display
lookup-key	buffer
lossage-size	other
lower-frame	display
lread--substitute-object-in-subtree	other
macroexpand	other
make-bool-vector	other
make-byte-code	other
make-category-set	buffer
make-category-table	buffer
make-char	chars
make-char-table	chars
make-closure	other
make-condition-variable	process
make-directory-internal	files
make-finalizer	other
make-frame-invisible	display
make-frame-visible	display
make-hash-table	other
make-indirect-buffer	buffer
make-interpreted-closure	other
make-keymap	buffer
make-list	other
make-local-variable	buffer
make-marker	other
make-mutex	process
make-network-process	process
make-overlay	buffer
make-pipe-process	process
make-process	process
make-record	other
make-serial-process	process
make-sparse-keymap	buffer
make-string	other
make-symbol	other
make-symbolic-link	files
make-temp-file-internal	files
make-temp-name	files
make-terminal-frame	display
make-thread	process
make-variable-buffer-local	buffer
make-vector	other
makunbound	other
malloc-info	other
malloc-trim	other
map-char-table	chars
map-charset-chars	chars
map-keymap	buffer
map-keymap-internal	buffer
mapatoms	other
mapbacktrace	other
mapc	other
mapcan	other
mapcar	other
mapconcat	other
maphash	other
mark-marker	buffer
marker-buffer	buffer
marker-insertion-type	buffer
marker-last-position	buffer
marker-position	buffer
markerp	buffer
match-beginning	buffer
match-data	buffer
match-data--translate	buffer
match-end	buffer
matching-paren	buffer
max	other
max-char	chars
md5	other
member	other
memory-info	other
memory-use-counts	other
memq	other
memql	other
menu-bar-menu-at-x-y	display
menu-or-popup-active-p	display
merge-face-attribute	display
message	display
message-box	other
message-or-box	other
min	other
minibuffer-contents	buffer
minibuffer-contents-no-properties	buffer
minibuffer-depth	buffer
minibuffer-innermost-command-loop-p	buffer
minibuffer-prompt	buffer
minibuffer-prompt-end	buffer
minibuffer-selected-window	display
minibuffer-window	display
minibufferp	buffer
minor-mode-key-binding	buffer
mod	other
modify-category-entry	buffer
modify-frame-parameters	display
modify-syntax-entry	buffer
module-function-p	process
module-load	process
mouse-pixel-position	display
mouse-position	display
mouse-position-in-root-frame	display
move-overlay	buffer
move-point-visually	buffer
move-to-column	buffer
move-to-window-line	display
multibyte-char-to-unibyte	chars
multibyte-string-p	chars
mutex-lock	process
mutex-name	process
mutex-unlock	process
mutexp	process
narrow-to-region	buffer
native-comp-available-p	files
native-comp-function-p	files
native-comp-unit-file	files
native-comp-unit-set-file	files
native-elisp-load	files
natnump	other
nconc	other
network-interface-info	display
network-interface-list	display
network-lookup-address-info	process
new-fontset	display
newline-cache-check	other
next-char-property-change	chars
next-frame	display
next-overlay-change	buffer
next-property-change	buffer
next-read-file-uses-dialog-p	files
next-single-char-property-change	buffer
next-single-property-change	buffer
next-window	display
ngettext	other
nlistp	other
nreverse	other
ntake	other
nth	other
nthcdr	other
null	other
num-processors	process
number-or-marker-p	buffer
number-to-string	chars
numberp	other
obarray-clear	other
obarray-make	other
obarrayp	other
object-intervals	buffer
old-selected-frame	display
old-selected-window	display
open-dribble-file	files
open-font	display
open-termscript	display
optimize-char-table	buffer
other-buffer	buffer
other-window-for-scrolling	display
overlay-buffer	buffer
overlay-end	buffer
overlay-get	buffer
overlay-lists	buffer
overlay-properties	buffer
overlay-put	buffer
overlay-recenter	buffer
overlay-start	buffer
overlayp	buffer
overlays-at	buffer
overlays-in	buffer
parse-partial-sexp	buffer
pdumper-stats	files
pgtk-backend-display-class	display
pgtk-disown-selection-internal	other
pgtk-display-monitor-attributes-list	display
pgtk-drop-finish	other
pgtk-font-name	display
pgtk-frame-edges	display
pgtk-frame-geometry	display
pgtk-frame-restack	display
pgtk-get-page-setup	other
pgtk-get-selection-internal	other
pgtk-mouse-absolute-pixel-position	display
pgtk-own-selection-internal	other
pgtk-page-setup-dialog	other
pgtk-print-frames-dialog	display
pgtk-register-dnd-targets	other
pgtk-selection-exists-p	other
pgtk-selection-owner-p	other
pgtk-set-monitor-scale-factor	other
pgtk-set-mouse-absolute-pixel-position	display
pgtk-set-resource	other
pgtk-update-drop-status	other
pgtk-use-im-context	other
play-sound-internal	display
plist-get	other
plist-member	other
plist-put	other
point	buffer
point-marker	buffer
point-max	buffer
point-max-marker	buffer
point-min	buffer
point-min-marker	buffer
pos-bol	buffer
pos-eol	buffer
pos-visible-in-window-p	display
position-bytes	other
position-symbol	other
posix-looking-at	other
posix-search-backward	buffer
posix-search-forward	buffer
posix-string-match	buffer
posn-at-point	display
posn-at-x-y	display
preceding-char	buffer
prefix-numeric-value	buffer
previous-char-property-change	chars
previous-frame	display
previous-overlay-change	buffer
previous-property-change	buffer
previous-single-char-property-change	buffer
previous-single-property-change	buffer
previous-window	display
prin1	other
prin1-to-string	other
princ	other
print	other
print--preprocess	process
process-attributes	process
process-buffer	process
process-coding-system	process
process-command	process
process-contact	process
process-datagram-address	process
process-exit-status	process
process-filter	process
process-id	process
process-inherit-coding-system-flag	process
process-list	process
process-mark	process
process-name	process
process-plist	process
process-query-on-exit-flag	process
process-running-child-p	process
process-send-eof	process
process-send-region	process
process-send-string	process
process-sentinel	process
process-status	process
process-thread	process
process-tty-name	display
process-type	process
processp	process
profiler-cpu-log	files
profiler-cpu-running-p	files
profiler-cpu-start	files
profiler-cpu-stop	files
profiler-memory-log	files
profiler-memory-running-p	files
profiler-memory-start	files
profiler-memory-stop	files
proper-list-p	other
propertize	chars
provide	files
put	other
put-text-property	buffer
put-unicode-property-internal	other
puthash	other
query-font	display
query-fontset	display
quit-process	process
raise-frame	display
random	other
rassoc	other
rassq	other
re--describe-compiled	other
re-search-backward	buffer
re-search-forward	buffer
read	other
read-buffer	buffer
read-char	buffer
read-char-exclusive	chars
read-coding-system	chars
read-command	buffer
read-event	buffer
read-from-minibuffer	buffer
read-from-string	other
read-key-sequence	buffer
read-key-sequence-vector	buffer
read-non-nil-coding-system	chars
read-positioning-symbols	other
read-string	buffer
read-variable	other
recent-auto-save-p	other
recent-keys	buffer
recenter	display
reconsider-frame-fonts	display
record	other
recordp	other
recursion-depth	buffer
recursive-edit	buffer
redirect-debugging-output	files
redirect-frame-focus	display
redisplay	display
redraw-display	display
redraw-frame	display
regexp-quote	buffer
region-beginning	buffer
region-end	buffer
register-ccl-program	chars
register-code-conversion-map	other
remember-mouse-glyph	display
remhash	other
remove-list-of-text-properties	buffer
remove-pos-from-symbol	other
remove-text-properties	buffer
remove-variable-watcher	other
rename-buffer	buffer
rename-file	files
replace-match	buffer
replace-region-contents	buffer
require	files
resize-mini-window-internal	display
restore-buffer-modified-p	buffer
resume-tty	display
reverse	other
round	other
run-hook-with-args	other
run-hook-with-args-until-failure	other
run-hook-with-args-until-success	other
run-hook-wrapped	other
run-hooks	other
run-window-configuration-change-hook	display
run-window-scroll-functions	display
safe-length	other
scan-lists	buffer
scan-sexps	buffer
scroll-down	display
scroll-left	display
scroll-right	display
scroll-up	display
search-backward	buffer
search-backward-regexp	buffer
search-forward	buffer
search-forward-regexp	buffer
secure-hash	other
secure-hash-algorithms	other
select-frame	display
select-window	display
selected-frame	display
selected-window	display
self-insert-command	buffer
send-string-to-terminal	display
sequencep	other
serial-process-configure	process
set	other
set--this-command-keys	buffer
set-binary-mode	other
set-buffer	buffer
set-buffer-auto-saved	buffer
set-buffer-local-toplevel-value	buffer
set-buffer-major-mode	buffer
set-buffer-modified-p	buffer
set-buffer-multibyte	buffer
set-buffer-redisplay	display
set-case-table	buffer
set-category-table	buffer
set-char-table-extra-slot	chars
set-char-table-parent	chars
set-char-table-range	chars
set-charset-plist	chars
set-charset-priority	chars
set-coding-system-priority	chars
set-default	other
set-default-file-modes	files
set-default-toplevel-value	other
set-file-acl	files
set-file-modes	files
set-file-selinux-context	files
set-file-times	files
set-fontset-font	display
set-frame-height	display
set-frame-position	display
set-frame-selected-window	display
set-frame-size	display
set-frame-size-and-position-pixelwise	display
set-frame-width	display
set-frame-window-state-change	display
set-fringe-bitmap-face	display
set-input-interrupt-mode	buffer
set-input-meta-mode	buffer
set-input-mode	buffer
set-keyboard-coding-system-internal	buffer
set-keymap-parent	buffer
set-marker	buffer
set-marker-insertion-type	buffer
set-match-data	buffer
set-minibuffer-window	display
set-mouse-pixel-position	display
set-mouse-position	display
set-network-process-option	process
set-output-flow-control	other
set-process-buffer	process
set-process-coding-system	process
set-process-datagram-address	process
set-process-filter	process
set-process-inherit-coding-system-flag	process
set-process-plist	process
set-process-query-on-exit-flag	process
set-process-sentinel	process
set-process-thread	process
set-process-window-size	display
set-quit-char	chars
set-safe-terminal-coding-system-internal	display
set-standard-case-table	buffer
set-syntax-table	buffer
set-terminal-coding-system-internal	display
set-terminal-parameter	display
set-text-properties	buffer
set-time-zone-rule	other
set-visited-file-modtime	files
set-window-buffer	display
set-window-combination-limit	display
set-window-configuration	display
set-window-cursor-type	display
set-window-dedicated-p	display
set-window-display-table	display
set-window-fringes	display
set-window-hscroll	display
set-window-margins	display
set-window-new-normal	display
set-window-new-pixel	display
set-window-new-total	display
set-window-next-buffers	display
set-window-parameter	display
set-window-point	display
set-window-prev-buffers	display
set-window-scroll-bars	display
set-window-start	display
set-window-vscroll	display
setcar	other
setcdr	other
setplist	other
signal	other
signal-names	other
signal-process	process
sin	other
single-key-description	buffer
skip-chars-backward	buffer
skip-chars-forward	buffer
skip-syntax-backward	buffer
skip-syntax-forward	buffer
sleep-for	display
sort	other
sort-charsets	chars
special-variable-p	other
split-char	chars
split-window-internal	display
sqlite-available-p	process
sqlite-close	process
sqlite-columns	process
sqlite-commit	process
sqlite-execute	process
sqlite-execute-batch	process
sqlite-finalize	process
sqlite-load-extension	process
sqlite-more-p	process
sqlite-next	process
sqlite-open	process
sqlite-pragma	process
sqlite-rollback	process
sqlite-select	process
sqlite-transaction	process
sqlite-version	process
sqlitep	process
sqrt	other
standard-case-table	buffer
standard-category-table	buffer
standard-syntax-table	buffer
start-kbd-macro	other
stop-process	process
store-kbd-macro-event	other
string	chars
string-as-multibyte	chars
string-as-unibyte	chars
string-bytes	chars
string-collate-equalp	chars
string-collate-lessp	chars
string-distance	chars
string-equal	chars
string-lessp	chars
string-make-multibyte	chars
string-make-unibyte	chars
string-match	buffer
string-search	chars
string-to-char	chars
string-to-multibyte	chars
string-to-number	chars
string-to-syntax	buffer
string-to-unibyte	chars
string-version-lessp	chars
string-width	chars
stringp	other
subr-arity	other
subr-name	other
subr-native-comp-unit	files
subr-native-lambda-list	other
subr-type	other
subrp	other
subst-char-in-region	buffer
substitute-in-file-name	files
substring	chars
substring-no-properties	chars
suspend-emacs	buffer
suspend-tty	display
sxhash-eq	other
sxhash-eql	other
sxhash-equal	other
sxhash-equal-including-properties	other
symbol-function	other
symbol-name	other
symbol-plist	other
symbol-value	other
symbol-with-pos-p	other
symbol-with-pos-pos	other
symbolp	other
syntax-class-to-char	buffer
syntax-table	buffer
syntax-table-p	buffer
system-groups	other
system-name	other
system-users	other
tab-bar-height	display
take	other
tan	other
terminal-coding-system	display
terminal-list	display
terminal-live-p	display
terminal-name	display
terminal-parameter	display
terminal-parameters	display
terpri	other
test-completion	buffer
text-char-description	chars
text-properties-at	buffer
text-property-any	buffer
text-property-not-all	buffer
text-quoting-style	other
this-command-keys	buffer
this-command-keys-vector	buffer
this-single-command-keys	buffer
this-single-command-raw-keys	buffer
thread--blocker	process
thread-buffer-disposition	process
thread-join	process
thread-last-error	process
thread-live-p	process
thread-name	process
thread-set-buffer-disposition	process
thread-signal	process
thread-yield	process
threadp	process
throw	other
time-add	other
time-convert	other
time-equal-p	other
time-less-p	other
time-subtract	other
tool-bar-get-system-style	display
tool-bar-height	display
tool-bar-pixel-width	display
top-level	buffer
translate-region-internal	buffer
transpose-regions	buffer
treesit--linecol-at	process
treesit--linecol-cache	process
treesit--linecol-cache-set	process
treesit-available-p	process
treesit-compiled-query-p	process
treesit-grammar-location	process
treesit-induce-sparse-tree	process
treesit-language-abi-version	process
treesit-language-available-p	process
treesit-library-abi-version	process
treesit-node-check	process
treesit-node-child	process
treesit-node-child-by-field-name	process
treesit-node-child-count	process
treesit-node-descendant-for-range	process
treesit-node-end	process
treesit-node-eq	process
treesit-node-field-name-for-child	process
treesit-node-first-child-for-pos	process
treesit-node-match-p	process
treesit-node-next-sibling	process
treesit-node-p	process
treesit-node-parent	process
treesit-node-parser	process
treesit-node-prev-sibling	process
treesit-node-start	process
treesit-node-string	process
treesit-node-type	process
treesit-parse-string	process
treesit-parser-add-notifier	process
treesit-parser-buffer	process
treesit-parser-changed-regions	process
treesit-parser-create	process
treesit-parser-delete	process
treesit-parser-embed-level	process
treesit-parser-included-ranges	process
treesit-parser-language	process
treesit-parser-list	process
treesit-parser-notifiers	process
treesit-parser-p	process
treesit-parser-remove-notifier	process
treesit-parser-root-node	process
treesit-parser-set-embed-level	process
treesit-parser-set-included-ranges	process
treesit-parser-tag	process
treesit-parser-tracking-line-column-p	process
treesit-pattern-expand	process
treesit-query-capture	process
treesit-query-compile	process
treesit-query-eagerly-compiled-p	process
treesit-query-expand	process
treesit-query-language	process
treesit-query-p	process
treesit-query-source	process
treesit-search-forward	process
treesit-search-subtree	process
treesit-subtree-stat	process
treesit-tracking-line-column-p	process
truncate	other
try-completion	buffer
tty--output-buffer-size	display
tty--set-output-buffer-size	display
tty-display-color-cells	display
tty-display-color-p	display
tty-display-pixel-height	display
tty-display-pixel-width	display
tty-frame-at	display
tty-frame-edges	display
tty-frame-geometry	display
tty-frame-list-z-order	display
tty-frame-restack	display
tty-no-underline	display
tty-suppress-bold-inverse-default-colors	display
tty-top-frame	display
tty-type	display
type-of	other
uncombine-window	display
undo-boundary	buffer
unencodable-char-position	chars
unhandled-file-name-directory	files
unibyte-char-to-multibyte	chars
unibyte-string	chars
unicode-property-table-internal	other
unify-charset	chars
unintern	other
unix-sync	other
unlock-buffer	buffer
unlock-file	files
upcase	buffer
upcase-initials	buffer
upcase-initials-region	buffer
upcase-region	buffer
upcase-word	buffer
use-global-map	buffer
use-local-map	buffer
user-full-name	other
user-login-name	other
user-ptrp	other
user-real-login-name	other
user-real-uid	other
user-uid	other
value<	other
variable-binding-locus	other
vconcat	other
vector	other
vector-or-char-table-p	buffer
vectorp	other
verify-visited-file-modtime	files
vertical-motion	other
visible-frame-list	display
visited-file-modtime	files
waiting-for-user-input-p	buffer
where-is-internal	buffer
widen	buffer
window-at	display
window-body-height	display
window-body-width	display
window-bottom-divider-width	display
window-buffer	display
window-bump-use-time	display
window-combination-limit	display
window-configuration-equal-p	display
window-configuration-frame	display
window-configuration-p	display
window-cursor-info	display
window-cursor-type	display
window-dedicated-p	display
window-discard-buffer-from-window	display
window-display-table	display
window-end	display
window-frame	display
window-fringes	display
window-header-line-height	display
window-hscroll	display
window-left-child	display
window-left-column	display
window-line-height	display
window-lines-pixel-dimensions	display
window-list	display
window-list-1	display
window-live-p	display
window-margins	display
window-minibuffer-p	display
window-mode-line-height	display
window-new-normal	display
window-new-pixel	display
window-new-total	display
window-next-buffers	display
window-next-sibling	display
window-normal-size	display
window-old-body-pixel-height	display
window-old-body-pixel-width	display
window-old-buffer	display
window-old-pixel-height	display
window-old-pixel-width	display
window-old-point	display
window-parameter	display
window-parameters	display
window-parent	display
window-pixel-height	display
window-pixel-left	display
window-pixel-top	display
window-pixel-width	display
window-point	display
window-prev-buffers	display
window-prev-sibling	display
window-resize-apply	display
window-resize-apply-total	display
window-right-divider-width	display
window-scroll-bar-height	display
window-scroll-bar-width	display
window-scroll-bars	display
window-start	display
window-system	display
window-tab-line-height	display
window-text-height	display
window-text-pixel-size	display
window-text-width	display
window-top-child	display
window-top-line	display
window-total-height	display
window-total-width	display
window-use-time	display
window-valid-p	display
window-vscroll	display
windowp	display
write-char	other
write-region	files
x-close-connection	x-gui
x-create-frame	x-gui
x-display-backing-store	x-gui
x-display-color-cells	x-gui
x-display-grayscale-p	x-gui
x-display-list	x-gui
x-display-mm-height	x-gui
x-display-mm-width	x-gui
x-display-pixel-height	x-gui
x-display-pixel-width	x-gui
x-display-planes	x-gui
x-display-save-under	x-gui
x-display-screens	x-gui
x-display-visual-class	x-gui
x-export-frames	x-gui
x-family-fonts	x-gui
x-file-dialog	x-gui
x-focus-frame	x-gui
x-get-resource	x-gui
x-gtk-debug	x-gui
x-gtk-launch-uri	x-gui
x-hide-tip	x-gui
x-list-fonts	x-gui
x-load-color-file	x-gui
x-menu-bar-open-internal	x-gui
x-open-connection	x-gui
x-parse-geometry	x-gui
x-popup-dialog	display
x-popup-menu	x-gui
x-select-font	x-gui
x-server-max-request-size	x-gui
x-show-tip	x-gui
xw-color-defined-p	other
xw-color-values	other
xw-display-color-p	display
yes-or-no-p	buffer
zlib-available-p	buffer
zlib-decompress-region	buffer
